doc_id	status	title
Z2600000341	Новый	Об охране почв
Z2600000335	Новый	Об обращении с радиоактивными отходами
Z2600000332	Новый	О психологической деятельности
Z2600000329	Новый	Об амнистии в связи с принятием новой Конституции Республики Казахстан
Z2600000313	Новый	О снятии оговорки и заявления Республики Казахстан к Конвенции о привилегиях и иммунитетах специализированных учреждений
Z2600000290	Обновленный	О государственной службе Республики Казахстан
Z2600000258	Обновленный	О банках и банковской деятельности в Республике Казахстан
Z2500000245	Обновленный	О профилактике правонарушений
Z2500000238	Новый	Об объемах трансфертов общего характера между республиканским и областными бюджетами, бюджетами городов республиканского значения, столицы на 2026 – 2028 годы
Z2500000239	Новый	О республиканском бюджете на 2026 – 2028 годы
Z2500000230	Обновленный	Об искусственном интеллекте
Z2500000199	Обновленный	О фондах целевого капитала и эндаумент-фондах (целевых капиталах)
Z2500000201	Обновленный	О территориальной обороне Республики Казахстан
Z2500000195	Новый	Об амнистии в связи с тридцатилетием Конституции Республики Казахстан
Z2500000193	Обновленный	Об аквакультуре
Z2500000165	Обновленный	Об особом статусе города Туркестана
Z2400000140	Обновленный	О гарантированном трансферте из Национального фонда Республики Казахстан на 2025 – 2027 годы
Z2400000141	Новый	О республиканском бюджете на 2025 – 2027 годы
Z2400000120	Обновленный	О теплоэнергетике
Z2400000110	Обновленный	О противодействии торговле людьми
Z2400000103	Обновленный	О науке и технологической политике
Z2400000106	Обновленный	О государственных закупках
Z2400000093	Обновленный	О масс-медиа
Z2400000089	Обновленный	О производстве и обороте органической продукции
Z2300000042	Обновленный	О гарантированном трансферте из Национального фонда Республики Казахстан на 2024 – 2026 годы
Z2300000043	Обновленный	О республиканском бюджете на 2024 – 2026 годы
Z2300000030	Новый	Об общественном контроле
Z2300000021	Обновленный	О возврате государству незаконно приобретенных активов
Z2300000018	Обновленный	Об онлайн-платформах и онлайн-рекламе
Z2300000016	Обновленный	О Семипалатинской зоне ядерной безопасности
Z2300000014	Обновленный	О профессиональных квалификациях
Z2300000205	Обновленный	Об органах военной полиции
Z2300000193	Обновленный	О цифровых активах в Республике Казахстан
Z2300000183	Обновленный	О растительном мире
Z2300000181	Обновленный	О развитии агломераций
Z2200000178	Обновленный	О восстановлении платежеспособности и банкротстве граждан Республики Казахстан
Z2200000172	Обновленный	О контроле специфических товаров
Z2200000166	Обновленный	О геодезии, картографии и пространственных данных
Z2200000163	Обновленный	О республиканском бюджете на 2023 – 2025 годы
Z2200000161	Новый	Об объемах трансфертов общего характера между республиканским и областными бюджетами, бюджетами городов республиканского значения, столицы на 2023 – 2025 годы
Z2200000152	Новый	Об амнистии
Z2200000122	Обновленный	О биологической безопасности Республики Казахстан
Z2100000097	Обновленный	Об ответственном обращении с животными
Z2100000086	Обновленный	О промышленной политике
Z2100000081	Новый	Об амнистии в связи с тридцатилетием Независимости Республики Казахстан
Z2100000077	Обновленный	О республиканском бюджете на 2022 – 2024 годы
Z2100000057	Обновленный	О государственной фельдъегерской связи
Z2100000047	Обновленный	О закупках отдельных субъектов квазигосударственного сектора
Z2000000396	Обновленный	О техническом регулировании
Z2000000379	Обновленный	О республиканском бюджете на 2021-2023 годы
Z2000000333	Обновленный	О порядке организации и проведения мирных собраний в Республике Казахстан
Z2000000322	Обновленный	О ветеранах
Z1900000293	Обновленный	О статусе педагога
Z1900000288	Обновленный	Об охpане и использовании объектов истоpико-культуpного наследия
Z1900000276	Обновленный	О республиканском бюджете на 2020 – 2022 годы
Z1900000242	Обновленный	О специальных экономических и индустриальных зонах
Z1900000236	Обновленный	Об оборонной промышленности и государственном оборонном заказе
Z1900000212	Обновленный	О кинематографии
Z1800000204	Обновленный	О естественных монополиях
Z1800000197	Обновленный	О республиканском бюджете на 2019 – 2021 годы
Z1800000183	Обновленный	О стандартизации
Z1800000176	Обновленный	Об адвокатской деятельности и квалифицированной юридической помощи
Z1800000178	Обновленный	О Совете Безопасности Республики Казахстан
Z1800000167	Обновленный	О валютном регулировании и валютном контроле
Z1800000169	Обновленный	О защите детей от информации, причиняющей вред их здоровью и развитию
Z1800000133	Обновленный	Об оценочной деятельности в Республике Казахстан
Z1800000131	Обновленный	О Фонде компенсации потерпевшим
Z1700000113	Обновленный	О республиканском бюджете на 2018 - 2020 годы
Z1700000062	Обновленный	О коллекторской деятельности
Z1700000047	Обновленный	О пастбищах
Z1700000044	Обновленный	О судебно-экспертной деятельности
Z1600000040	Обновленный	О дактилоскопической и геномной регистрации
Z1600000042	Обновленный	О волонтерской деятельности
Z1600000038	Обновленный	О пробации
Z1600000035	Обновленный	О контрразведывательной деятельности
Z1600000027	Новый	Об амнистии в связи с двадцатипятилетием Независимости Республики Казахстан
Z1600000025	Обновленный	О республиканском бюджете на 2017 - 2019 годы
Z1600000011	Обновленный	О платежах и платежных системах
Z1600000005	Обновленный	О приостановлении действия отдельных норм Земельного кодекса Республики Казахстан и введения в действие Закона Республики Казахстан от 2 ноября 2015 года "О внесении изменений и дополнений в Земельный кодекс Республики Казахстан"
Z1600000498	Обновленный	О почте
Z1600000495	Обновленный	О лотереях и лотерейной деятельности
Z1600000488	Обновленный	Об арбитраже
Z1600000486	Обновленный	О долевом участии в жилищном строительстве
Z1600000480	Обновленный	О правовых актах
Z1600000444	Обновленный	О драгоценных металлах и драгоценных камнях
Z1600000442	Обновленный	Об использовании атомной энергии
Z1500000436	Обновленный	О Высшем Судебном Совете Республики Казахстан
Z1500000426	Обновленный	О республиканском бюджете на 2016-2018 годы
Z1500000418	Обновленный	О кибербезопасности
Z1500000410	Обновленный	О противодействии коррупции
Z1500000401	Обновленный	О доступе к информации
Z1500000402	Обновленный	О благотворительности
Z1500000405	Обновленный	Об обязательном социальном медицинском страховании
Z1500000392	Обновленный	О государственном аудите и финансовом контроле
Z1500000390	Обновленный	О саморегулировании
Z1500000383	Обновленный	Об общественных советах
Z1500000379	Обновленный	О государственно-частном партнерстве
Z1500000372	Обновленный	О сельскохозяйственных кооперативах
Z1500000320	Обновленный	О миротворческой деятельности Республики Казахстан
Z1500000316	Обновленный	О специальных защитных, антидемпинговых и компенсационных мерах по отношению к третьим странам
Z1500000314	Обновленный	О минимальных социальных стандартах и их гарантиях
Z1500000285	Обновленный	О государственной молодежной политике
Z1500000274	Обновленный	О Национальной гвардии Республики Казахстан
Z1400000263	Обновленный	Об официальной помощи развитию
Z1400000259	Обновленный	О республиканском бюджете на 2015-2017 годы
Z1400000228	Обновленный	О физической культуре и спорте
Z1400000213	Обновленный	Об амнистии граждан Республики Казахстан, оралманов и лиц, имеющих вид на жительство в Республике Казахстан, в связи с легализацией ими имущества
Z1400000211	Обновленный	О профессиональных союзах
Z1400000207	Обновленный	Об инновационном кластере "Астана Хаб
Z1400000202	Обновленный	О разрешениях и уведомлениях
Z1400000199	Обновленный	Об органах внутренних дел Республики Казахстан
Z1400000194	Обновленный	О дорожном движении
Z1400000188	Обновленный	О гражданской защите
Z1400000176	Обновленный	О реабилитации и банкротстве
Z1300000148	Обновленный	О республиканском бюджете на 2014 - 2016 годы
Z1300000149	Новый	Об объемах трансфертов общего характера между республиканским и областными бюджетами, бюджетами города республиканского значения, столицы на 2014-2016 годы
Z1300000129	Обновленный	О Национальной палате предпринимателей Республики Казахстан
Z1300000094	Обновленный	О персональных данных и их защите
Z1300000088	Обновленный	О государственных и социально ответственных услугах
Z1300000073	Обновленный	О документах, удостоверяющих личность
Z1300000070	Обновленный	О Государственной границе Республики Казахстан
Z1300000067	Обновленный	О Государственной образовательной накопительной системе
Z1200000056	Обновленный	О микрофинансовой деятельности
Z1200000054	Обновленный	О республиканском бюджете на 2013-2015 годы
Z1200000020	Обновленный	О магистральном трубопроводе
Z1200000561	Обновленный	О воинской службе и статусе военнослужащих
Z1200000552	Обновленный	О специальных государственных органах Республики Казахстан
Z1200000550	Обновленный	О Фонде национального благосостояния
Z1200000541	Обновленный	Об энергосбережении и повышении энергоэффективности
Z1200000532	Обновленный	О газе и газоснабжении
Z1200000527	Обновленный	О национальной безопасности Республики Казахстан
Z1200000528	Обновленный	О космической деятельности
Z1100000521	Новый	Об амнистии в связи с двадцатилетием государственной независимости Республики Казахстан
Z1100000496	Обновленный	О республиканском бюджете на 2012 - 2014 годы
Z1100000483	Обновленный	О религиозной деятельности и религиозных объединениях
Z1100000477	Обновленный	О миграции населения
Z1100000463	Обновленный	О государственном регулировании производства и оборота отдельных видов нефтепродуктов
Z1100000413	Обновленный	О государственном имуществе
Z1100000401	Обновленный	О медиации
Z1100000394	Обновленный	О статусе "Назарбаев Университет", "Назарбаев Интеллектуальные школы" и "Назарбаев Фонд"
Z1100000380	Обновленный	О правоохранительной службе
Z1000000357	Обновленный	О республиканском бюджете на 2011 - 2013 годы
Z1000000351	Обновленный	О государственном регулировании производства и оборота биотоплива
Z100000277_	Обновленный	О внешней разведке
Z100000274_	Обновленный	О защите прав потребителей
Z100000261_	Обновленный	Об исполнительном производстве и статусе судебных исполнителей
Z100000257_	Обновленный	О государственной статистике
Z090000223_	Обновленный	О государственных гарантиях равных прав и равных возможностей мужчин и женщин
Z090000219_	Обновленный	О республиканском бюджете на 2010 - 2012 годы
Z090000216_	Обновленный	О беженцах
Z090000191_	Обновленный	О противодействии легализации (отмыванию) доходов, полученных преступным путем, финансированию терроризма и финансированию распространения оружия массового уничтожения
Z090000165_	Обновленный	О поддержке использования возобновляемых источников энергии
Z090000155_	Обновленный	О товарных биржах
Z080000096_	Обновленный	О республиканском бюджете на 2009-2011 годы
Z080000061_	Обновленный	Об аккредитации в области оценки соответствия
Z080000067_	Обновленный	О трансфертном ценообразовании
Z070000008_	Обновленный	О республиканском бюджете на 2008 год
Z070000005_	Новый	Об объемах трансфертов общего характера между республиканским и областными бюджетами, бюджетами города республиканского значения, столицы на 2008-2010 годы
Z070000319_	Обновленный	Об образовании
Z070000310_	Обновленный	О государственной регистрации прав на недвижимое имущество
Z070000301_	Обновленный	О безопасности пищевой продукции
Z070000302_	Обновленный	О безопасности химической продукции
Z070000305_	Обновленный	О безопасности машин и оборудования
Z070000306_	Обновленный	О безопасности игрушек
Z070000300_	Обновленный	Об экспортном контроле
Z070000234_	Обновленный	О бухгалтерском учете и финансовой отчетности
Z070000219_	Обновленный	Об игорном бизнесе
Z070000223_	Обновленный	О национальных реестрах идентификационных номеров
Z060000207_	Обновленный	О культуре
Z060000194_	Обновленный	О республиканском бюджете на 2007 год
Z060000189_	Обновленный	О гарантированном трансферте из Национального фонда Республики Казахстан на 2007-2009 годы
Z060000175_	Обновленный	Об особо охраняемых природных территориях
Z060000169_	Обновленный	Об обязательном гарантировании депозитов, размещенных в банках второго уровня Республики Казахстан
Z060000163_	Обновленный	О взаимном страховании
Z060000157_	Обновленный	Об амнистии в связи с легализацией имущества
Z060000149_	Новый	Об амнистии в связи с легализацией незаконных трудовых иммигрантов
Z060000126_	Обновленный	О проектном финансировании и секьюритизации
Z060000121_	Обновленный	О присяжных заседателях
Z060000113_	Новый	Об амнистии в связи с празднованием Дня независимости Республики Казахстан
Z050000093_	Обновленный	Об обязательном экологическом страховании
Z050000088_	Обновленный	О республиканском бюджете на 2006 год
Z050000066_	Обновленный	О государственном регулировании развития агропромышленного комплекса и сельских территорий
Z050000054_	Обновленный	О международных договорах Республики Казахстан
Z050000036_	Обновленный	О государственном социальном заказе, государственном заказе на реализацию стратегического партнерства, грантах и премиях для неправительственных организаций в Республике Казахстан
Z050000031_	Обновленный	О противодействии экстремизму
Z050000030_	Обновленный	Об обязательном страховании работника от несчастных случаев при исполнении им трудовых (служебных) обязанностей
Z050000029_	Обновленный	Об обороне и Вооруженных Силах Республики Казахстан
Z040000003_	Обновленный	О республиканском бюджете на 2005 год
Z040000602_	Новый	Об объемах официальных трансфертов общего характера между республиканским и областными бюджетами, бюджетами города республиканского значения, столицы
Z040000593_	Обновленный	Об охране, воспроизводстве и использовании животного мира
Z040000588_	Обновленный	Об электроэнергетике
Z040000576_	Обновленный	Об инвестиционных и венчурных фондах
Z040000580_	Обновленный	Об обязательном страховании гражданско-правовой ответственности владельцев объектов, деятельность которых связана с опасностью причинения вреда третьим лицам
Z040000574_	Обновленный	О внутреннем водном транспорте
Z040000573_	Обновленный	О кредитных бюро и формировании кредитных историй в Республике Казахстан
Z040000567_	Обновленный	О связи
Z040000544_	Обновленный	О регулировании торговой деятельности
Z030000513_	Обновленный	Об обязательном страховании туриста
Z030000510_	Обновленный	О государственной правовой статистике и специальных учетах
Z030000508_	Обновленный	О рекламе
Z030000505_	Обновленный	О республиканском бюджете на 2004 год
Z030000490_	Обновленный	О государственном мониторинге собственности в отраслях экономики, имеющих стратегическое значение
Z030000476_	Обновленный	Об автомобильном транспорте
Z030000474_	Обновленный	О государственном регулировании, контроле и надзоре финансового рынка и финансовых организаций
Z030000461_	Обновленный	О рынке ценных бумаг
Z030000444_	Обновленный	Об обязательном страховании гражданско-правовой ответственности перевозчика перед пассажирами
Z030000446_	Обновленный	Об обязательном страховании гражданско-правовой ответственности владельцев транспортных средств
Z030000440_	Обновленный	Об обязательном страховании гражданско-правовой ответственности аудиторских организаций
Z030000439_	Обновленный	О государственном регулировании производства и оборота табачных изделий
Z030000435_	Обновленный	Об обязательном страховании гражданско-правовой ответственности частных нотариусов
Z030000423_	Обновленный	О Фонде гарантирования страховых выплат
Z030000415_	Обновленный	Об акционерных обществах
Z030000400_	Обновленный	О кредитных товариществах
Z030000391_	Обновленный	О военном положении
Z030000385_	Обновленный	О семеноводстве
Z030000387_	Обновленный	О чрезвычайном положении
Z020000362_	Обновленный	О республиканском бюджете на 2003 год
Z020000345_	Обновленный	О правах ребенка в Республике Казахстан
Z020000344_	Обновленный	О политических партиях
Z020000343_	Обновленный	О социальной и медико-педагогической коррекционной поддержке детей с ограниченными возможностями
Z020000339_	Обновленный	О ветеринарии
Z020000331_	Обновленный	О защите растений
Z020000330_	Обновленный	О комплексной предпринимательской лицензии (франчайзинге)
Z020000304_	Обновленный	Об органах юстиции
Z020000303_	Обновленный	О пчеловодстве
Z020000299_	Обновленный	О дипломатической службе Республики Казахстан
Z020000294_	Новый	Об амнистии в связи с десятилетием независимости Республики Казахстан
Z020000284_	Обновленный	О торговом мореплавании
Z010000273_	Новый	О республиканском бюджете на 2002 год
Z010000268_	Новый	Об эмблеме и отличительном знаке медицинской службы Вооруженных Сил Республики Казахстан
Z010000267_	Обновленный	О праздниках в Республике Казахстан
Z010000266_	Обновленный	О железнодорожном транспорте
Z010000264_	Обновленный	О членстве Республики Казахстан в Международном Валютном Фонде, Международном Банке Реконструкции и Развития, Международной Финансовой Корпорации, Международной Ассоциации Развития, Многостороннем Агентстве Гарантии Инвестиций, Международном Центре по Урегулированию Инвестиционных Споров, Европейском Банке Реконструкции и Развития, Азиатском Банке Развития, Исламском Банке Развития, Азиатском Банке Инфраструктурных Инвестиций и Тюркском инвестиционном фонде
Z010000245_	Обновленный	Об автомобильных дорогах
Z010000242_	Обновленный	Об архитектурной, градостроительной и строительной деятельности в Республике Казахстан
Z010000222_	Обновленный	О Государственной премии мира и прогресса Первого Президента Республики Казахстан – Елбасы
Z010000217_	Обновленный	О правовой охране топологий интегральных микросхем
Z010000211_	Обновленный	О туристской деятельности в Республике Казахстан
Z010000210_	Обновленный	О введении в действие Кодекса Республики Казахстан "О налогах и других обязательных платежах в бюджет" (Налоговый кодекс)
Z010000197_	Обновленный	О потребительском кооперативе
Z010000178_	Обновленный	О Банке Развития Казахстана
Z010000173_	Обновленный	Об амнистии граждан Республики Казахстан в связи с легализацией ими денег
Z010000156_	Новый	О введении в действие Кодекса Республики Казахстан об административных правонарушениях
Z010000148_	Обновленный	О местном государственном управлении и самоуправлении в Республике Казахстан
Z010000143_	Обновленный	О зерне
Z010000142_	Обновленный	О некоммерческих организациях
Z000000134_	Новый	Об амнистии в связи с десятой годовщиной принятия Декларации о государственном суверенитете Республики Казахстан
Z000000131_	Обновленный	О республиканском бюджете на 2001 год
Z000000126_	Обновленный	О страховой деятельности
Z000000113_	Обновленный	О детских деревнях семейного типа и домах юношества
Z000000110_	Обновленный	О жилищных строительных сбережениях в Республике Казахстан
Z000000085_	Обновленный	Об охранной деятельности
Z000000078_	Обновленный	О финансовом лизинге
Z000000072_	Обновленный	О государственной защите лиц, участвующих в уголовном процессе
Z000000053_	Обновленный	Об обеспечении единства измерений
Z990000473_	Обновленный	О республиканском бюджете на 2000 год
Z990000456_	Обновленный	О товарных знаках, знаках обслуживания, географических указаниях и наименованиях мест происхождения товаров
Z990000427_	Обновленный	Патентный закон Республики Казахстан
Z990000429_	Обновленный	О государственном регулировании производства и оборота этилового спирта и алкогольной продукции
Z990000422_	Обновленный	Об охране селекционных достижений
Z990000416_	Обновленный	О противодействии терроризму
Z990000414_	Обновленный	О государственном специальном пособии лицам, работавшим на подземных и открытых горных работах, на работах с особо вредными и особо тяжелыми условиями труда или на работах с вредными и тяжелыми условиями труда
Z990000415_	Новый	Об амнистии в связи с Годом единства и преемственности поколений
Z990000410_	Новый	О введении в действие Гражданского кодекса Республики Казахстан (особенная часть)
Z990000353_	Обновленный	О порядке и условиях содержания лиц в специальных учреждениях, специальных помещениях, обеспечивающих временную изоляцию от общества
Z990000349_	Обновленный	О государственных секретах
Z990000344_	Обновленный	О карантине растений
Z980000339_	Обновленный	О государственном контроле за оборотом отдельных видов оружия
Z980000326_	Обновленный	О Национальном архивном фонде и архивах
Z980000318_	Обновленный	О республиканском бюджете на 1999 год
Z980000304_	Обновленный	Об аудиторской деятельности
Z980000279_	Обновленный	О наркотических средствах, психотропных веществах, их аналогах и прекурсорах и мерах противодействия их незаконному обороту и злоупотреблению ими
Z980000278_	Обновленный	О ПЛЕМЕННОМ ЖИВОТНОВОДСТВЕ
Z980000258_	Обновленный	Об особом статусе города Алматы
Z980000254_	Обновленный	О регистрации залога движимого имущества
Z980000219_	Обновленный	О радиационной безопасности населения
Z980000220_	Обновленный	О товариществах с ограниченной и дополнительной ответственностью
Z970000201_	Новый	Республиканский бюджет Республики Казахстан на 1998 год
Z970000155_	Обновленный	О нотариате
Z970000151_	Обновленный	О языках в Республике Казахстан
Z970000150_	Обновленный	О судебных приставах
Z970000130_	Обновленный	О системе местных представительных органов в условиях изменений в административно-территориальном устройстве Республики Казахстан
Z970000127_	Обновленный	О мобилизационной подготовке и мобилизации
Z970000097_	Обновленный	О ВЕКСЕЛЬНОМ ОБРАЩЕНИИ В РЕСПУБЛИКЕ КАЗАХСТАН
Z970000094_	Обновленный	О жилищных отношениях
Z960000059_	Обновленный	О РЕСПУБЛИКАНСКОМ БЮДЖЕТЕ НА 1997 ГОД
Z960000027_	Обновленный	Об амнистии в связи с первой годовщиной новой Конституции Республики Казахстан
Z960000006_	Обновленный	ОБ АВТОРСКОМ ПРАВЕ И СМЕЖНЫХ ПРАВАХ
Z960000003_	Обновленный	Об общественных объединениях
U950002723_	Обновленный	Об ипотеке недвижимого имущества
Z950002710_	Обновленный	Об органах национальной безопасности Республики Казахстан
Z950002676_	Обновленный	О государственных наградах Республики Казахстан
Z950002486_	Обновленный	О производственном кооперативе
Z950002483_	Обновленный	О Службе государственной охраны Республики Казахстан
Z950002444_	Обновленный	О банках и банковской деятельности в Республике Казахстан
U950002337_	Обновленный	О правовом положении иностранных граждан
U950002255_	Обновленный	О хозяйственных товариществах
Z950002198_	Обновленный	О государственной регистрации юридических лиц и учетной регистрации филиалов и представительств
Z950002155_	Обновленный	О Национальном Банке Республики Казахстан
Z940001100_	Обновленный	Об индивидуальном жилищном строительстве
Z940005000_	Новый	Об амнистии в связи с Международным годом семьи
Z940007000_	Обновленный	О транспорте в Республике Казахстан
Z940004000_	Обновленный	Об оперативно-розыскной деятельности
Z940001000_	Новый	Об уточненном республиканском бюджете на 1994 год
Z940000119_	Новый	О действии статей некоторых законодательных актов Республики Казахстан
Z930002200_	Обновленный	О реабилитации жертв массовых политических репрессий
Z930002500_	Новый	О пpизнании утpатившим силу Закона Казахской ССР "Об аpенде"
Z930005000_	Новый	О госудаpственном бюджете на 1993 год<*> Сноска. См. постановления Кабинета Министpов Республики Казахстан от 5 маpта и от 15 июня 1993 г. N.N 170, 506
Z920003600_	Обновленный	О социальной защите гpаждан, постpадавших вследствие ядеpных испытаний на Семипалатинском испытательном ядеpном полигоне
Z920002600_	Обновленный	О социальной защите гpаждан, постpадавших вследствие экологического бедствия в Пpиаpалье
Z910004800_	Обновленный	О гражданстве Республики Казахстан
Z910003900_	Новый	Об изменении наименования Казахской Советской Социалистической Республики
Z900002400_	Новый	О защите  чести  и достоинства  Президента Казахской ССР
Z900001000_	Новый	Об учреждении поста Президента Казахской ССР и внесении изменений и дополнений в Конституцию (Основной Закон) Казахской ССР
Z2600000296	Новый	О Президенте Республики Казахстан
Z2600000297	Новый	О Курултае Республики Казахстан и статусе его депутатов
Z2600000298	Новый	О Қазақстан Халық Кеңесі
Z2600000299	Новый	О статусе столицы Республики Казахстан
Z2600000300	Новый	Об административно-территориальном устройстве Республики Казахстан
Z2600000286	Обновленный	О специальном правовом режиме города Алатау
Z2200000153	Обновленный	О Конституционном Суде Республики Казахстан
Z2200000154	Обновленный	Об Уполномоченном по правам человека в Республике Казахстан
Z2200000155	Обновленный	О прокуратуре
Z1500000438	Обновленный	О Международном финансовом центре "Астана"
Z070000258_	Обновленный	О государственных символах Республики Казахстан
Z000000132_	Обновленный	О судебной системе и статусе судей Республики Казахстан
Z950002688_	Обновленный	О Правительстве Республики Казахстан
Z950002592_	Обновленный	Конституционный закон Республики Казахстан "О всенародном референдуме"
Z950002464_	Обновленный	О выборах в Республике Казахстан
Z910004400_	Новый	О госудаpственной независимости Республики Казахстан
K2600000000	Новый	Конституция Республики Казахстан
